id,intent_hash,cardano_tx_hash,router_id,client_id,customer_id,destination_index,destination_chain_name,destination_contract_address,symbol,price,timestamp,status,error_code,error_message,retry_count,max_retries,fee_paid_lovelace,confirmed_at_depth,submitted_at_ms,confirmed_at_ms,failed_at_ms,created_at_ms
1,0x7051a6e9692cd65cd7231ac2da93e5dd936211c26c07e84ad091c650b5f70262,8bf45972b2e0cfc3adf8b570efaafd4ffe47c5659ed5ddf51ffaaf0ddb395ce9,client_test_01_router_default,client-test-01,customer-test-01,0,"","",CRCL,"",0,confirmed,,,0,0,,,1781610082276,1781610114153,,1781610082276
2,0x0934426492aafca7d485ac4bc9c24026c8b4a6c342a0e2e3b715abc82462bb2f,e2b922cd008ccf5726146ed650858ec1ddd8fc89b49ad3bbf173888da4c703cf,client_test_01_router_default,client-test-01,customer-test-01,0,"","",MSTR,"",0,confirmed,,,0,0,,,1781610125640,1781610153335,,1781610125640
3,0xe0275d39d561bc3602a01670fe77362002f469b6ea28947a1453a4e078da0f77,e2b922cd008ccf5726146ed650858ec1ddd8fc89b49ad3bbf173888da4c703cf,client_test_01_router_default,client-test-01,customer-test-01,0,"","",CRCL,"",0,confirmed,,,0,0,,,1781610125650,1781610153350,,1781610125650
4,0xc6e81da3d18a31e6db02157b39aeb7db2e76a4863d2c596241ae089fed3c8be6,37433d00cb0c4bfe12870dbbe689a4a36ea4df0689d926ad60e7787e69f24e3a,client_test_01_router_default,client-test-01,customer-test-01,0,"","",NVDA,"",0,confirmed,,,0,0,,,1781610563683,1781610592779,,1781610563683
5,0x921311a14de4be1f06164e147ea8b047262844fce6ec093ef193a050e892e5af,"",client_test_01_router_default,client-test-01,customer-test-01,0,"","",SPYM,88599998470000002728,1781610610,failed,BuilderError,"Bridge: recovered DIA signer public key is not authorized in the provided config state.",0,0,,,,,1781610663092,1781610663092
6,0x96eee8804d52010c6224532a9959f143f1781bf6c7aeb8294bf49d61623c7274,"",client_test_01_router_default,client-test-01,customer-test-01,0,"","",CRCL,84326300000000003368,1781610459,failed,BuilderError,"Bridge: recovered DIA signer public key is not authorized in the provided config state.",0,0,,,,,1781610663100,1781610663100
7,0xa49c6ad50c62ebba72c7dc94d1177eed988b838bec263cd2224466d7e62a5550,b035ffe096f7c85dc1e4f1d92abc6e8ed358d8705111a5a7cd2534a183c6f676,client_test_01_router_default,client-test-01,customer-test-01,0,"","",CRCL,"",0,confirmed,,,0,0,,,1781610671352,1781610703623,,1781610671352
8,0xa49c6ad50c62ebba72c7dc94d1177eed988b838bec263cd2224466d7e62a5550,"",client_test_01_router_default,client-test-01,customer-test-01,0,"","",CRCL,84180000000000006824,1781610639,failed,NonMonotonicNonce,"Oracle intent timestamp must be greater than the current on-chain timestamp; intent superseded, not submitted.",0,0,,,,,1781610709000,1781610709000
9,0xefef3364f7e7e25efe85974a8e346b6c918d8dd672940da9e5a34103d83d48b3,7e104ffcfaea8cdb2396aab9768e217c129f6dc0ac7e1cd08ead2c144743f5f4,client_test_01_router_default,client-test-01,customer-test-01,0,"","",AMZN,"",0,confirmed,,,0,0,,,1781611017768,1781611070577,,1781611017768
10,0x10fb777fdababa40090b5d990b6bf7a631c92c9e4e800933de9d301f97618b96,7e104ffcfaea8cdb2396aab9768e217c129f6dc0ac7e1cd08ead2c144743f5f4,client_test_01_router_default,client-test-01,customer-test-01,0,"","",COIN,"",0,confirmed,,,0,0,,,1781611017781,1781611070596,,1781611017781
11,0x459bf9b2cd8dcc344095166947ab8e3bec9b55274f4d00c326987d4728e15edf,7e104ffcfaea8cdb2396aab9768e217c129f6dc0ac7e1cd08ead2c144743f5f4,client_test_01_router_default,client-test-01,customer-test-01,0,"","",IAU,"",0,confirmed,,,0,0,,,1781611017788,1781611070607,,1781611017788
12,0x06cb77e8998011a0aa812b289e6ff2798aaff5a2602b924ca86757ad72ea2243,7e104ffcfaea8cdb2396aab9768e217c129f6dc0ac7e1cd08ead2c144743f5f4,client_test_01_router_default,client-test-01,customer-test-01,0,"","",SPYM,"",0,confirmed,,,0,0,,,1781611017794,1781611070619,,1781611017794
13,0x59a28945cdb8bde9e6f556f5f8ce8e6ecf1737ac0401155bbc5adde0a16a530a,7e104ffcfaea8cdb2396aab9768e217c129f6dc0ac7e1cd08ead2c144743f5f4,client_test_01_router_default,client-test-01,customer-test-01,0,"","",SIVR,"",0,confirmed,,,0,0,,,1781611017799,1781611070631,,1781611017799
14,0x718b8db4ba4a8054a0d43760f9608cb4e3c5dd4f8007d1b5c98b5a2b945bf337,7e104ffcfaea8cdb2396aab9768e217c129f6dc0ac7e1cd08ead2c144743f5f4,client_test_01_router_default,client-test-01,customer-test-01,0,"","",PPLT,"",0,confirmed,,,0,0,,,1781611017804,1781611070642,,1781611017804
15,0x18d483e096f34bfd70682778d33d0ff023ebfc4007825788bef7415bd9c37099,df7c6059bfe9c9bc35a829d263f5babb8b9f2162658bab9552d70a67d405d284,client_test_01_router_default,client-test-01,customer-test-01,0,"","",CRCL,"",0,confirmed,,,0,0,,,1781611259208,1781611285184,,1781611259208
16,0xb2b932442fa4e4fc0f973061327ed53f7f3049a3795dc3fc033434ea6994cd58,0086793cf873ec38fd9e8f74685a40bbeef91044e1d3e4adf14158eadd30a887,client_test_01_router_default,client-test-01,customer-test-01,0,"","",TSLA,"",0,confirmed,,,0,0,,,1781611293835,1781611340505,,1781611293835
17,0x18d483e096f34bfd70682778d33d0ff023ebfc4007825788bef7415bd9c37099,"",client_test_01_router_default,client-test-01,customer-test-01,0,"","",CRCL,84000000000000000000,1781611059,failed,NonMonotonicNonce,"Intent for CRCL superseded on chain; not submitted.",0,0,,,,,1781611340499,1781611340499
18,0x81b21c399a443d9d4b56cc379407fcf1acd4ebd3f2b0ec818f2fa21fc9e5a3c0,af4cf9a08d20ab05dab70e3471fdf7bf8da380d92d428a8fc16665a9db4becfe,client_test_01_router_default,client-test-01,customer-test-01,0,"","",NVDA,"",0,confirmed,,,0,0,,,1781611455665,1781611520544,,1781611455665
19,0x81b21c399a443d9d4b56cc379407fcf1acd4ebd3f2b0ec818f2fa21fc9e5a3c0,"",client_test_01_router_default,client-test-01,customer-test-01,0,"","",NVDA,212150000000000005680,1781611415,failed,NonMonotonicNonce,"Oracle intent timestamp must be greater than the current on-chain timestamp; intent superseded, not submitted.",0,0,,,,,1781611525027,1781611525027
20,0x3c7726ad885bfbefbdadbf36caa5f301128f2565caa1c9affdaf6fb2dfca2da8,cbde9b5437a9d96e5af8590b18295672ab6db3401b109874cbabe6543676ae41,client_test_01_router_default,client-test-01,customer-test-01,0,"","",MSTR,"",0,confirmed,,,0,0,,,1781611618128,1781611638376,,1781611618128
21,0x3c7726ad885bfbefbdadbf36caa5f301128f2565caa1c9affdaf6fb2dfca2da8,"",client_test_01_router_default,client-test-01,customer-test-01,0,"","",MSTR,130990000000000009096,1781611577,failed,NonMonotonicNonce,"Oracle intent timestamp must be greater than the current on-chain timestamp; intent superseded, not submitted.",0,0,,,,,1781611642809,1781611642809
22,0x6fea86203077616ff59f69a687afe0ecb368ac30b1aaf9e48937b1ecbbc6a238,3351f29765780f11b039121f82269fb51001e0d1ce8725622cc122cdc0658b6e,client_test_01_router_default,client-test-01,customer-test-01,0,"","",CRCL,"",0,confirmed,,,0,0,,,1781611858742,1781611921633,,1781611858742
23,0x005647a448c57cfeeb6ed58f8dc64072b6142642b0073b89a7ee89b4013961a5,e9d91fd95d2bd5bba4ca8dee218368f9222cb0e6511734d25b992efc67143ffc,client_test_01_router_default,client-test-01,customer-test-01,0,"","",TSLA,"",0,failed,CrashRecovery,"daemon restarted with submitted transaction awaiting confirmation",0,0,,,1781611930996,,1781612195607,1781611930996
24,0x49484eabc215f1301df70b3dcd47ff8c48125d26c5ff35187a0d3a4c0b0105b6,"",client_test_01_router_default,client-test-01,customer-test-01,0,"","",SPYM,88650000000000005688,1781612056,failed,NonMonotonicNonce,"Oracle intent nonce must be greater than the current on-chain nonce; intent superseded, not submitted.",0,0,,,,,1781612240017,1781612240017
25,0x7661ab16adf6549568da6d899ab74c0db5f6c20c287776103f6e07a4edd4ecfc,2c0700e6233b13af68e12dfbabb9600d047ff13b0cd6b62364c6688c96037507,client_test_01_router_default,client-test-01,customer-test-01,0,"","",CRCL,"",0,confirmed,,,0,0,,,1781612445758,1781612492634,,1781612445758
26,0x9cbe3695c5eb0d3f748cf342d35d6e012485b8470c018b300e3da6aacc992b03,4770ed4d746b120b627e97d03bc8eade681281a4e2ffe95300e9ce20827f57fb,client_test_01_router_default,client-test-01,customer-test-01,0,"","",NVDA,"",0,confirmed,,,0,0,,,1781612508025,1781612522193,,1781612508025
27,0x6263b14619c70fb5afc9f4e08cc771437cfeb9529fd7538b161be97f0d0fe526,4770ed4d746b120b627e97d03bc8eade681281a4e2ffe95300e9ce20827f57fb,client_test_01_router_default,client-test-01,customer-test-01,0,"","",AMZN,"",0,confirmed,,,0,0,,,1781612508039,1781612522204,,1781612508039
28,0x7ad4936eb96c78788defddccd3cb46d7151244647b8d27a61153464ba0053211,4770ed4d746b120b627e97d03bc8eade681281a4e2ffe95300e9ce20827f57fb,client_test_01_router_default,client-test-01,customer-test-01,0,"","",COIN,"",0,confirmed,,,0,0,,,1781612508044,1781612522219,,1781612508044
29,0x114a96a56f0ded33f871510f4f0bbcf7e582c7fb52b2902ca5ea91b3c7ad2fbf,4770ed4d746b120b627e97d03bc8eade681281a4e2ffe95300e9ce20827f57fb,client_test_01_router_default,client-test-01,customer-test-01,0,"","",IAU,"",0,confirmed,,,0,0,,,1781612508049,1781612522228,,1781612508049
30,0xa105451dbf754e502270a3d961444436e7f87adcb308baa743ae58debb527fb8,4770ed4d746b120b627e97d03bc8eade681281a4e2ffe95300e9ce20827f57fb,client_test_01_router_default,client-test-01,customer-test-01,0,"","",SPYM,"",0,confirmed,,,0,0,,,1781612508053,1781612522239,,1781612508053
31,0xff7347aa3d0360f077af4b5c64bd45ad6668a50e9a4bccc35706905aa231e171,4770ed4d746b120b627e97d03bc8eade681281a4e2ffe95300e9ce20827f57fb,client_test_01_router_default,client-test-01,customer-test-01,0,"","",SIVR,"",0,confirmed,,,0,0,,,1781612508060,1781612522248,,1781612508060
32,0x628091354792562f7967698535b17aff1278caf9f88537a29f340d708363c688,4770ed4d746b120b627e97d03bc8eade681281a4e2ffe95300e9ce20827f57fb,client_test_01_router_default,client-test-01,customer-test-01,0,"","",PPLT,"",0,confirmed,,,0,0,,,1781612508065,1781612522258,,1781612508065
33,0x7661ab16adf6549568da6d899ab74c0db5f6c20c287776103f6e07a4edd4ecfc,"",client_test_01_router_default,client-test-01,customer-test-01,0,"","",CRCL,84219999999999998864,1781612319,failed,NonMonotonicNonce,"Intent for CRCL superseded on chain; not submitted.",0,0,,,,,1781612522188,1781612522188
34,0xa105451dbf754e502270a3d961444436e7f87adcb308baa743ae58debb527fb8,"",client_test_01_router_default,client-test-01,customer-test-01,0,"","",SPYM,88650000000000005688,1781612483,failed,NonMonotonicNonce,"Intent for SPYM superseded on chain; not submitted.",0,0,,,,,1781612530360,1781612530360
35,0x9cbe3695c5eb0d3f748cf342d35d6e012485b8470c018b300e3da6aacc992b03,"",client_test_01_router_default,client-test-01,customer-test-01,0,"","",NVDA,211699999999999988624,1781612468,failed,NonMonotonicNonce,"Intent for NVDA superseded on chain; not submitted.",0,0,,,,,1781612530367,1781612530367
36,0x114a96a56f0ded33f871510f4f0bbcf7e582c7fb52b2902ca5ea91b3c7ad2fbf,"",client_test_01_router_default,client-test-01,customer-test-01,0,"","",IAU,81250000000000000000,1781612482,failed,NonMonotonicNonce,"Intent for IAU superseded on chain; not submitted.",0,0,,,,,1781612530374,1781612530374
37,0x628091354792562f7967698535b17aff1278caf9f88537a29f340d708363c688,"",client_test_01_router_default,client-test-01,customer-test-01,0,"","",PPLT,16329999999999998295,1781612485,failed,NonMonotonicNonce,"Intent for PPLT superseded on chain; not submitted.",0,0,,,,,1781612530379,1781612530379
38,0x6263b14619c70fb5afc9f4e08cc771437cfeb9529fd7538b161be97f0d0fe526,"",client_test_01_router_default,client-test-01,customer-test-01,0,"","",AMZN,247669999999999987488,1781612480,failed,NonMonotonicNonce,"Intent for AMZN superseded on chain; not submitted.",0,0,,,,,1781612530386,1781612530386
39,0xff7347aa3d0360f077af4b5c64bd45ad6668a50e9a4bccc35706905aa231e171,"",client_test_01_router_default,client-test-01,customer-test-01,0,"","",SIVR,66480000000000003980,1781612484,failed,NonMonotonicNonce,"Intent for SIVR superseded on chain; not submitted.",0,0,,,,,1781612530390,1781612530390
40,0x7ad4936eb96c78788defddccd3cb46d7151244647b8d27a61153464ba0053211,"",client_test_01_router_default,client-test-01,customer-test-01,0,"","",COIN,169000000000000000000,1781612481,failed,NonMonotonicNonce,"Intent for COIN superseded on chain; not submitted.",0,0,,,,,1781612530395,1781612530395
41,0x5675449d2536decd94358f5a09e128d4395681017ef60197d50ccf2c41c80b99,7f5c25b17a6adf3372fb220edc5c0dd43aa36096cc50227bed98829630d8181a,client_test_01_router_default,client-test-01,customer-test-01,0,"","",CRCL,"",0,confirmed,,,0,0,,,1781613047305,1781613142581,,1781613047305
42,0xb62fc83937a9aef8c15e76f50cb4839acfa5934175418af44e6242c707ddf78d,7f5c25b17a6adf3372fb220edc5c0dd43aa36096cc50227bed98829630d8181a,client_test_01_router_default,client-test-01,customer-test-01,0,"","",NVDA,"",0,confirmed,,,0,0,,,1781613047315,1781613142595,,1781613047315
43,0x4f64ea4f34546247b25ed9551c23bb9850212e6c43c0ec489af8e7b5a6058f08,7f5c25b17a6adf3372fb220edc5c0dd43aa36096cc50227bed98829630d8181a,client_test_01_router_default,client-test-01,customer-test-01,0,"","",IAU,"",0,confirmed,,,0,0,,,1781613047319,1781613142603,,1781613047319
44,0x7b61243d591586722164036c70c9cb40e5d9be08583721db1b9a863033015105,7f5c25b17a6adf3372fb220edc5c0dd43aa36096cc50227bed98829630d8181a,client_test_01_router_default,client-test-01,customer-test-01,0,"","",TSLA,"",0,confirmed,,,0,0,,,1781613047324,1781613142611,,1781613047324
45,0xe9b52ea9766bf53d47eb594573492e2f8093224610b48dc9b3a628d96834f0a0,9c0f46245f3de10a16feb4ffabb9ac2b4fb62a422afbac36cb244688826e4d36,client_test_01_router_default,client-test-01,customer-test-01,0,"","",MSTR,"",0,confirmed,,,0,0,,,1781613155322,1781613181113,,1781613155322
46,0x3dc172f1db75e8336b346bc2032ff5aae79a1583bcd271525ddbfa90132f477d,9c0f46245f3de10a16feb4ffabb9ac2b4fb62a422afbac36cb244688826e4d36,client_test_01_router_default,client-test-01,customer-test-01,0,"","",AMZN,"",0,confirmed,,,0,0,,,1781613155333,1781613181122,,1781613155333
47,0x5675449d2536decd94358f5a09e128d4395681017ef60197d50ccf2c41c80b99,"",client_test_01_router_default,client-test-01,customer-test-01,0,"","",CRCL,83959999999999993744,1781612970,failed,NonMonotonicNonce,"Intent for CRCL superseded on chain; not submitted.",0,0,,,,,1781613181088,1781613181088
48,0x7b61243d591586722164036c70c9cb40e5d9be08583721db1b9a863033015105,"",client_test_01_router_default,client-test-01,customer-test-01,0,"","",TSLA,406639999999999986368,1781613032,failed,NonMonotonicNonce,"Intent for TSLA superseded on chain; not submitted.",0,0,,,,,1781613181095,1781613181095
49,0xb62fc83937a9aef8c15e76f50cb4839acfa5934175418af44e6242c707ddf78d,"",client_test_01_router_default,client-test-01,customer-test-01,0,"","",NVDA,211400000000000005680,1781612666,failed,NonMonotonicNonce,"Intent for NVDA superseded on chain; not submitted.",0,0,,,,,1781613181103,1781613181103
50,0x4f64ea4f34546247b25ed9551c23bb9850212e6c43c0ec489af8e7b5a6058f08,"",client_test_01_router_default,client-test-01,customer-test-01,0,"","",IAU,81629999999999995456,1781612562,failed,NonMonotonicNonce,"Intent for IAU superseded on chain; not submitted.",0,0,,,,,1781613181110,1781613181110
51,0xe9b52ea9766bf53d47eb594573492e2f8093224610b48dc9b3a628d96834f0a0,"",client_test_01_router_default,client-test-01,customer-test-01,0,"","",MSTR,130990000000000009096,1781613080,failed,NonMonotonicNonce,"Intent for MSTR superseded on chain; not submitted.",0,0,,,,,1781613184645,1781613184645
52,0x3dc172f1db75e8336b346bc2032ff5aae79a1583bcd271525ddbfa90132f477d,"",client_test_01_router_default,client-test-01,customer-test-01,0,"","",AMZN,247240000000000009088,1781613140,failed,NonMonotonicNonce,"Intent for AMZN superseded on chain; not submitted.",0,0,,,,,1781613184652,1781613184652
53,0x942c4fcdf83bb2ca0f567a87f187e371285069290bfc035d434d30e1d72e43f5,9d5b6aad7d3a8df5bec30304c919cd333d091f2306d2ed0e40620258e0078f03,client_test_01_router_default,client-test-01,customer-test-01,0,"","",CRCL,"",0,confirmed,,,0,0,,,1781613379767,1781613406636,,1781613379767
54,0x49811da567e45e0e83c661e94a9476acc906c81a5b4ee0a81176fd1c7c446bd9,"",client_test_01_router_default,client-test-01,customer-test-01,0,"","",SPYM,88650000000000005688,1781613559,failed,NonMonotonicNonce,"Oracle intent nonce must be greater than the current on-chain nonce; intent superseded, not submitted.",0,0,,,,,1781613595847,1781613595847
55,0x636e789c5c9665458404650d2ece8999b54f09e5f453b7c9143b7d40f9f9917f,c6e923192e2a387d39f48f011739cb5aef210e50e810a424877f406e8f116bc4,client_test_01_router_default,client-test-01,customer-test-01,0,"","",CRCL,"",0,confirmed,,,0,0,,,1781613643944,1781613666783,,1781613643944
56,0xca5739fe0fe2d618427ae649ea9a32ee411cd3ffe4b5975d7d57c243a08d96f2,c6e923192e2a387d39f48f011739cb5aef210e50e810a424877f406e8f116bc4,client_test_01_router_default,client-test-01,customer-test-01,0,"","",NVDA,"",0,confirmed,,,0,0,,,1781613643954,1781613666797,,1781613643954
57,0x636e789c5c9665458404650d2ece8999b54f09e5f453b7c9143b7d40f9f9917f,"",client_test_01_router_default,client-test-01,customer-test-01,0,"","",CRCL,84258499999999997952,1781613579,failed,NonMonotonicNonce,"Intent for CRCL superseded on chain; not submitted.",0,0,,,,,1781613670252,1781613670252
58,0xca5739fe0fe2d618427ae649ea9a32ee411cd3ffe4b5975d7d57c243a08d96f2,"",client_test_01_router_default,client-test-01,customer-test-01,0,"","",NVDA,211139999999999986352,1781613188,failed,NonMonotonicNonce,"Intent for NVDA superseded on chain; not submitted.",0,0,,,,,1781613670259,1781613670259
59,0x0139179d505db63832868bc86d441adfc8b4b76446dc519b968f17c5f13c4dd0,36ab01aca89cce175074d502f2c0b4c3151b41e157f9e75fe8a47e60731ffb4d,client_test_01_router_default,client-test-01,customer-test-01,0,"","",TSLA,"",0,confirmed,,,0,0,,,1781613817016,1781613845631,,1781613817016
60,0x0139179d505db63832868bc86d441adfc8b4b76446dc519b968f17c5f13c4dd0,"",client_test_01_router_default,client-test-01,customer-test-01,0,"","",TSLA,406000000000000000000,1781613776,failed,NonMonotonicNonce,"Oracle intent timestamp must be greater than the current on-chain timestamp; intent superseded, not submitted.",0,0,,,,,1781613850115,1781613850115
61,0x10729e5a5e7dd7e29f39afe8760e098f607a7f30a6e01e7433779bc45aa2ce26,4a5108bbde9a42c5d3329d209ec9839b153685532d3c4a357a6844bf9d0de1d1,client_test_01_router_default,client-test-01,customer-test-01,0,"","",COIN,"",0,confirmed,,,0,0,,,1781614026556,1781614061519,,1781614026556
62,0x1206861ce1ed2f0d1ff776057b86f18042296e5ae5289968ec2117d6b333c078,4a5108bbde9a42c5d3329d209ec9839b153685532d3c4a357a6844bf9d0de1d1,client_test_01_router_default,client-test-01,customer-test-01,0,"","",SPYM,"",0,confirmed,,,0,0,,,1781614026568,1781614061544,,1781614026568
63,0x8d84da4fc73dfdc1bc41b2690212d1a28be23f6f37fb45012d8fa8b25129b73d,4a5108bbde9a42c5d3329d209ec9839b153685532d3c4a357a6844bf9d0de1d1,client_test_01_router_default,client-test-01,customer-test-01,0,"","",SIVR,"",0,confirmed,,,0,0,,,1781614026578,1781614061562,,1781614026578
64,0x70ce4891daff502bef5bac27af78c12004f9a4629aa173c13fac3b6bd9dc97f6,4a5108bbde9a42c5d3329d209ec9839b153685532d3c4a357a6844bf9d0de1d1,client_test_01_router_default,client-test-01,customer-test-01,0,"","",PPLT,"",0,confirmed,,,0,0,,,1781614026586,1781614061575,,1781614026586
65,0x1206861ce1ed2f0d1ff776057b86f18042296e5ae5289968ec2117d6b333c078,"",client_test_01_router_default,client-test-01,customer-test-01,0,"","",SPYM,88650000000000005688,1781613985,failed,NonMonotonicNonce,"Intent for SPYM superseded on chain; not submitted.",0,0,,,,,1781614066648,1781614066648
66,0x70ce4891daff502bef5bac27af78c12004f9a4629aa173c13fac3b6bd9dc97f6,"",client_test_01_router_default,client-test-01,customer-test-01,0,"","",PPLT,16329999999999998295,1781613987,failed,NonMonotonicNonce,"Intent for PPLT superseded on chain; not submitted.",0,0,,,,,1781614066655,1781614066655
67,0x8d84da4fc73dfdc1bc41b2690212d1a28be23f6f37fb45012d8fa8b25129b73d,"",client_test_01_router_default,client-test-01,customer-test-01,0,"","",SIVR,66480000000000003980,1781613986,failed,NonMonotonicNonce,"Intent for SIVR superseded on chain; not submitted.",0,0,,,,,1781614066663,1781614066663
68,0x10729e5a5e7dd7e29f39afe8760e098f607a7f30a6e01e7433779bc45aa2ce26,"",client_test_01_router_default,client-test-01,customer-test-01,0,"","",COIN,169000000000000000000,1781613983,failed,NonMonotonicNonce,"Intent for COIN superseded on chain; not submitted.",0,0,,,,,1781614066670,1781614066670
69,0x3c3d941524114fc5f9ff987c66f3f232da767b251032330432706f31da3eecae,e043d4b30d474971699ae7195b2b55f7d33afe227b3f0ec8637b8701014e0eac,client_test_01_router_default,client-test-01,customer-test-01,0,"","",IAU,"",0,confirmed,,,0,0,,,1781614105235,1781614197752,,1781614105235
70,0x77382e2c3c1957cf15b5e7280ad5bc7ef59db88182482bd119da5871fd695dbe,f59b70ce24828ee30d4bf4b72a628fb7261287ece9562c44199b0718cf46b248,client_test_01_router_default,client-test-01,customer-test-01,0,"","",AMZN,"",0,confirmed,,,0,0,,,1781614208497,1781614237572,,1781614208497
71,0x58fd77fb86339dfc2713ea007f5ca4e8dd07b32a748b383912d99eb9e2a31aa3,f59b70ce24828ee30d4bf4b72a628fb7261287ece9562c44199b0718cf46b248,client_test_01_router_default,client-test-01,customer-test-01,0,"","",MSTR,"",0,confirmed,,,0,0,,,1781614208509,1781614237580,,1781614208509
72,0x3c3d941524114fc5f9ff987c66f3f232da767b251032330432706f31da3eecae,"",client_test_01_router_default,client-test-01,customer-test-01,0,"","",IAU,81629999999999995456,1781614065,failed,NonMonotonicNonce,"Intent for IAU superseded on chain; not submitted.",0,0,,,,,1781614237568,1781614237568
73,0x74f2f586410ff5509314473700c2d15df262d2489fecf9359fbb09db9ccfb444,a0de984aad7883b8d122c596f7d7c1cf7ba61ba27cf94467a25edbbe382de93a,client_test_01_router_default,client-test-01,customer-test-01,0,"","",CRCL,"",0,confirmed,,,0,0,,,1781614249909,1781614276604,,1781614249909
74,0x1b2c38903998fde90bf66f0c0c792ae37a78031e56a5ea230fae8b85d187e6f6,a0de984aad7883b8d122c596f7d7c1cf7ba61ba27cf94467a25edbbe382de93a,client_test_01_router_default,client-test-01,customer-test-01,0,"","",TSLA,"",0,confirmed,,,0,0,,,1781614249920,1781614276618,,1781614249920
75,0xb132f791c3b96d0f99c009003a7b691098a4f3b4a8450cb5753721113ec00563,a0de984aad7883b8d122c596f7d7c1cf7ba61ba27cf94467a25edbbe382de93a,client_test_01_router_default,client-test-01,customer-test-01,0,"","",NVDA,"",0,confirmed,,,0,0,,,1781614249924,1781614276630,,1781614249924
76,0x58fd77fb86339dfc2713ea007f5ca4e8dd07b32a748b383912d99eb9e2a31aa3,"",client_test_01_router_default,client-test-01,customer-test-01,0,"","",MSTR,130500000000000000000,1781614154,failed,NonMonotonicNonce,"Intent for MSTR superseded on chain; not submitted.",0,0,,,,,1781614276645,1781614276645
77,0x77382e2c3c1957cf15b5e7280ad5bc7ef59db88182482bd119da5871fd695dbe,"",client_test_01_router_default,client-test-01,customer-test-01,0,"","",AMZN,246939999999999997728,1781614112,failed,NonMonotonicNonce,"Intent for AMZN superseded on chain; not submitted.",0,0,,,,,1781614276654,1781614276654
78,0x74f2f586410ff5509314473700c2d15df262d2489fecf9359fbb09db9ccfb444,"",client_test_01_router_default,client-test-01,customer-test-01,0,"","",CRCL,84000000000000000000,1781613940,failed,NonMonotonicNonce,"Intent for CRCL superseded on chain; not submitted.",0,0,,,,,1781614281078,1781614281078
79,0x1b2c38903998fde90bf66f0c0c792ae37a78031e56a5ea230fae8b85d187e6f6,"",client_test_01_router_default,client-test-01,customer-test-01,0,"","",TSLA,406000000000000000000,1781614193,failed,NonMonotonicNonce,"Intent for TSLA superseded on chain; not submitted.",0,0,,,,,1781614281085,1781614281085
80,0xb132f791c3b96d0f99c009003a7b691098a4f3b4a8450cb5753721113ec00563,"",client_test_01_router_default,client-test-01,customer-test-01,0,"","",NVDA,210909999999999996592,1781613938,failed,NonMonotonicNonce,"Intent for NVDA superseded on chain; not submitted.",0,0,,,,,1781614281091,1781614281091
81,0x57b13e628cd74ca262c0594d23eef543369e9e389bb1071872e1c0bc6749e3d3,4c80f188b4165c17781113086315c02764c4c6a06bfa09f9686db2a96ea91a45,client_test_01_router_default,client-test-01,customer-test-01,0,"","",COIN,"",0,confirmed,,,0,0,,,1781614482012,1781614588843,,1781614482012
82,0x57b13e628cd74ca262c0594d23eef543369e9e389bb1071872e1c0bc6749e3d3,"",client_test_01_router_default,client-test-01,customer-test-01,0,"","",COIN,169289999999999992048,1781614418,failed,NonMonotonicNonce,"Oracle intent timestamp must be greater than the current on-chain timestamp; intent superseded, not submitted.",0,0,,,,,1781614593556,1781614593556
83,0xf203fe52797262bd2b13b121518da9102482a9535fad5be3c55e5d162058959d,97a013c58b7bffaaf6c887db6b86d46c849ba0408c7de980942b66d9ecafa3f7,client_test_01_router_default,client-test-01,customer-test-01,0,"","",PPLT,"",0,confirmed,,,0,0,,,1781614636769,1781614690641,,1781614636769
