intent_hash,event_id,event_name,tx_hash,log_index,block_number,router_id,destination_index,status,filter_reason,processed_at_ms
0x11c8756fee969415d451145fc83501d24c1215db9e8956994996fc5d36130d7b,,,0x27690a1f3bac9e1894059f5a9483a6beb0a90f87df154f7eea40043136c9ca2f,0,11442310,client_a_preview,0,processed,,1780994207423
0x6341491e21fe0baf00f18f5d9537fb2fe1a3a86e13eb52ded42d054292c2dbd0,,,0xa05ebdbaf2e0b4a704aeb5062ca42344248c5b89bb16dd577dc4f58d4b9400f9,0,11442412,client_a_preview,0,processed,,1780994250146
0xf069fc2d94f72a3fbff010f98f6d8667abe890bb43e19ed8f1be7ff6551e126c,,,0xb3c0f341da9e15e091a5c94d5377459a7757789655bda23a09493ccd94170425,0,11443162,client_a_preview,0,processed,,1780994557857
0x93405cefbecb62a8d8a00de1228786cbbd84df68da3d5faa0b5e4aa8e45d4a62,,,0x4725680b9939b4c04af4e08fbdd93ded8e0d82ae4a42a9996b229f3c97c7ccc0,0,11443341,client_a_preview,0,processed,,1780994630843
0x49625203b494b8476d653e47fcec716ca4b34e90c1dde2fcba6e0b6dafb134c4,,,0xc7514cf5350965e9aa5071e40e6ded1d8f68677ae5cb1164964d45b8ee353177,0,11443446,client_a_preview,0,processed,,1780994673134
0x8dd9c11e8dd6f0cfb2e04904fdb699c6c2fdee320f02707a475864429240cf12,,,0x7648f4746f17079e1d7245bc6cce5999d4e59cd66ca801d8fca606bbbd822d1f,0,11443638,client_a_preview,0,processed,,1780994753339
0x907fe34c5050c67f19ecb925e37fec9bcb496b9b9ba4f4f7c49e2f19796746e5,,,0x7cbf35106ff7ff118ea7c02793633d583ba612ef11ca4f6c0620c48fbb644725,0,11443699,client_a_preview,0,processed,,1780994780817
0xca044d8270f7adfef19b6a858ddbfbb3d111cb86d5982e47ebbbf6d5b0d05813,,,0xfde3e75934a5efb609285813ad048520d18a6c0f08f93f264c96eae3cb0faba3,0,11443735,client_a_preview,0,processed,,1780994796323
0xdcc6e87fabe26ad291e6a0240506c1de48ec713254c347a401900a11cc71e205,,,0xbff52368e62a6a72893b76fa54bfc6c7b34300dcd55e877eefdaf1b7a703bf03,0,11443747,client_a_preview,0,processed,,1780994801325
0x0d4f08858f1bb83f689c7cfa12c11bea816b392408540d6d3ea6f28602c380d0,,,0xb93a63e0de88098f27adb380edd5c3d19d30c79961eadb3f3e4145d43e1c8385,0,11443751,client_a_preview,0,processed,,1780994803099
0x16fb28315ca8c19f3338339de8322c0d088bebefe0657c92e56bb4c6fc7cb5be,,,0xeb81ee41647b7c48bc72705117d51694c7fa9051bc801b22a564b890d96a7ff4,0,11443754,client_a_preview,0,processed,,1780994805261
0x65eb2874ccf3df5e3eea92e900aedce07ecd8184654d563fbbf40b7be2680016,,,0x3f16b9b258a1f7b6b97e6a514e3aa39392b6ac9b608aad58529209ab9de40587,0,11443775,client_a_preview,0,processed,,1780994810215
0xdf6d05d07e7bf248f0d5b909a6b1855c3e8848e5736d9f96b1d124ef1aaf2a22,,,0x9be4613110e64a6ef31d630707cfcf87701e3f310d3b539b0db351a4fe7ba4ff,0,11443787,client_a_preview,0,processed,,1780994815596
0x75680c32de3a6a02b87bb5919dd19b87a230f3cd205d129c875cf44abebd541a,,,0x425ddd05de5de044c3d97d8a7e22155db1b4edd76b3c6005056b821784a8d719,0,11443792,client_a_preview,0,processed,,1780994816814
0xb790b17086b30ea07482f236293686f9ae9412a4fe2d6c64a498468525c6529f,,,0xe2582df9fd2c9c8c6f7c80982c855804881f56b7ab866fa9a2cc30fceb30cad8,0,11443849,client_a_preview,0,processed,,1780994841043
0x6ad66ef5e44c24b6ad6fcfb907e3da9acb948ea97ab8c9be63d69cc1c397e0a2,,,0xc2259e72290d12287111d5ec7b822c6717b5c9f7daea3da95ba9fee69e970b48,0,11443852,client_a_preview,0,processed,,1780994842364
0x62e2a316fffe4b82a4e651257974ea36a5a8de06506d1da5a1a6edc712aa3582,,,0x3417bad9b1cf6d79cd3515b16a55935fee9b3a3332bccdd1f056442acf4c9896,0,11443856,client_a_preview,0,processed,,1780994843993
0x1bc5934b0f7685ee5a8e2a47628389351449feebb9adc36c80df4c757ed72d2b,,,0x520c81a0c03d52bc9a1fcffd21dc70c5ad5635e804cbd139c081f24985862783,0,11443868,client_a_preview,0,processed,,1780994848500
0x3bd9c73e64648589865a20f59c6137799938b86b5d9a85b83089a99cbc8129f6,,,0x924c4d2a5ff8248b7b7d34cf038713f686b33bc3a8b4881e2fbb40daa3d8eb4d,0,11443880,client_a_preview,0,processed,,1780994853066
0x07ed99d9d6ac175226e22430f7e063583c8325a12c34d661663f291029689620,,,0x46f7158902331bc3e22d9bfd24c171add332437d478b650d0a1b0b8289075cfd,0,11443894,client_a_preview,0,processed,,1780994860108
0x118514689a9d0fdebca4859df8d4a0e35188ba51c8a68e21b0fbdbc0328e26dd,,,0x2f1dd6aeb9518ff406d9bf18974a98cf996830f2a337a5d15c9d9b9ca8654a8d,0,11443897,client_a_preview,0,processed,,1780994861369
0xc3935932956064db90f0cb0ef2b1f1684da35905d5d2d008c0c761d6d8a09842,,,0xe2e8310aec61eb143baa83ad76b18319597382e19d0f23845e4c4ffff6ef23bd,0,11443977,client_a_preview,0,processed,,1780994893901
0xbff2cdf128300c56b79f0db162c82dc3b0d37216d922544f4118d242e37e141b,,,0x1a03f8c677952feb12bc84754981d4fa46df83674c10e2cfe0827554e6c28887,0,11443978,client_a_preview,0,processed,,1780994893226
0xd836db097bc045d9271cafdcbb39b474e5fea13130f7060b29795204ba9c201d,,,0x4b7888ec201c3d4d984f01fe778407a9e2c80d48cf22a04e15c02d4d24441cca,0,11444054,client_a_preview,0,processed,,1780994922134
0xcbcef4760fdafdb94ade2ca742e88b648a52490041ea85a622dbf01bec955b35,,,0x303d5a0ba7912c3f9289563fe6cb7169fa671729aaeb95c786a9a1a0ea6ab08b,0,11444072,client_a_preview,0,processed,,1780994931046
0xc2a1d35455bf4b8bccee64956701c18d852dce1cbd7e6363b604f86974d4db50,,,0x8339d68a48a8a201c54a4d83997cd00304320ccd1b511c7187a04e00924cf115,0,11444076,client_a_preview,0,processed,,1780994932529
0xf22b5567b96de310b03a217293451d3c9dab9f9790526278dd2021abfc70a0f5,,,0xd36c6781726843c6c88bd8d44002373d3b409f078188893781ceea1d91ed1548,0,11444081,client_a_preview,0,processed,,1780994935017
0xeae93cbc97f70fc23d6e5223860a1e74d4e94cda56106b8c71417bcc12cd6336,,,0x525ebd371f27e4fb7bc9be24ae35feabafba4cd7c35a4834c2262388c5a7ea66,0,11444148,client_a_preview,0,processed,,1780994965176
0x98bdd0f41161b014c4105bbc42eb02388cb1ba4515d64e46884c6fa198d4bf54,,,0xa2ab58854534bc23d5000b762d1d577d518139b92d5bdc94bbbb6d2bdb7dea58,0,11444154,client_a_preview,0,processed,,1780994967081
0xc34c5a2bae6f48a0bb02089a20430005e31cd99be0c71df10fe239947236ee79,,,0xf0757314947194fa8ac72f1d37790aba82c626869699b2bde7742766924e65a3,0,11444165,client_a_preview,0,processed,,1780994970180
0xd10b937aa13eb364e0ddaef30510001eb42add3ccffbd570e06191f08b7d0c8c,,,0x102e7889dfc988219f7c868725f22e47758f90725b6b47b7fe20a1061dcc6f64,0,11444169,client_a_preview,0,processed,,1780994971453
0xddb83d9f6c79172977eb28fabd37ac0a577151606725d482a34fd601417463e0,,,0x0a20c4222790b7253f7612331a2ea112e0e8fbccaa44d1296be30146838522ad,0,11444247,client_a_preview,0,processed,,1780995005189
0x5ffa9bc397d0238e366308cce8a27e50caee25e8425dea5116c48b9cecdb47d6,,,0x190d537e42aa18a391c9776030280fdda43970a30cbe37cb474591ac623f7b7c,0,11444338,client_a_preview,0,processed,,1780995041085
0x6874417a5c235e1990be8ec23a494778a281f3d05d8ce327a7bc3c7e6dc068d4,,,0x8132f236e25831aab16e3ba18cf6f40032b78be7d856712d38605f072390f207,0,11444356,client_a_preview,0,processed,,1780995047980
0x253d1985340ddd8ab58abd9038a7c4bcd0514dd96dfed8c4c510c9815401ff26,,,0xffc30752c397b792ede87eddca4fd154b11827e3f6b473bb94596190da21b52e,0,11444361,client_a_preview,0,processed,,1780995049316
0xdfeeda750ace267091002b19ea1cc06a34d307692064f58557b8fd4f0b9ab677,,,0xbde906d84a6f7df2b549736c18c5ea00f87ee6e8679caeae23cb89f9d4f24cca,0,11444429,client_a_preview,0,processed,,1780995080479
0xc0a0cd3e10848d2796ee4a58fa07900da7f9c9a1877dc2415be67f97e73a6ea5,,,0x702fe6d5be00867e208ee8552490298a0235f0b67539933bc7b6754f1ad41d64,0,11444443,client_a_preview,0,processed,,1780995086978
0x75057b47793cfa86dcb049b88ce3669024e98ed2b7f00a4f1233d1f46160cfa2,,,0xe82e4e059487239bd50d72d51c0643d48ad6420bc53cda35cc4e8682f4305830,0,11444448,client_a_preview,0,processed,,1780995089036
0xcfb35e3fbdf65a0630a4cd079fc2ee3ae6217051de8a0b5e3d8b208404979708,,,0xb67805e4a4710c0533ab50c2cc4fc0a9af9f91f23e09bd6fd3665cc665ec7529,0,11445038,client_a_preview,0,processed,,1780995332199
0xbac6f14b67bda37ba86dc2906b003589763463d29c0b338423e7c32869e74504,,,0xcc821d5f913deed4fee7aad62af5f7ae8721f76b2bdfc9ae24c9f09244858a34,75,11445127,client_a_preview,0,processed,,1780995370837
0x5477bcd5a6c1f9ff3b29675e4e081fc08e163f0366434469bebf8cd17e0cc720,,,0xc626f387aaadd063f16defc5048103c5800c6de63572d820fe58d564460d4826,0,11445325,client_a_preview,0,processed,,1780995450923
0x250195943360f995be165bed824d6293e481963c41b5af01611f93db2e4b771d,,,0xd1ff41b1c2682b89e4c847823dbe0959b26c112302e0f594f195ca3465aa5738,0,11445401,client_a_preview,0,processed,,1780995478465
0xece720a89545dc0d3ba0f8199f0b381abe25d1702f5f6f0a93b66e03fd0cfe86,,,0xb3f5fab7aa709c9fa48c7c9144577652a1a2cdf420e1b649fe4f4a578140c5ba,0,11445438,client_a_preview,0,processed,,1780995496554
0x8858c0b94625946a87e7b8cf3e9f0d9216261efdef5f9f854d849c8a4aae6171,,,0x5d94e336ce0ce07624540816062de25ce11f7ed13f3504a3f0fb5e8247cf78f3,0,11445442,client_a_preview,0,processed,,1780995498418
0xf6ce1204cfaf4c60cac0a548f61c25f399823a301adf260c918f75ba807f9565,,,0xe42edae8b969fa6f034d8c692b92f9703ffa40f5e2947f03a10d419e0c68d1fc,0,11445446,client_a_preview,0,processed,,1780995500253
0xf96fe19c9e30e783fd94e771aeeb7c3948dde434ea4d09a52a989ad66fa14d2d,,,0xe6ea53cb1a0fcee319533cb26de7305be2db2336b20cfc4b9edadc26421b7269,0,11445518,client_a_preview,0,processed,,1780995530712
0xb9e5634f267549f3b0f748b64a2ba21c06fbec2561ceef5f48cb3edc50a2b601,,,0xbffd3db19f87fed752143ac8b1c735cf3f6e27c1adac8bf5fa3b6ef779842610,0,11445521,client_a_preview,0,processed,,1780995532478
0x5eb9fd9eda0db53dc46d30c159ddcb0be1a36131ca784dbb497f10008f4f3761,,,0x3c9379ca99c7448aacae43f6171a82f72928a2f471b726091f36f50485913bf7,0,11445525,client_a_preview,0,processed,,1780995534317
0x6f4301c7083156bdd37ecf7f71fa5d8832feec2d0a3eeab43b0ce4790868627d,,,0xfaf2dc706782c7cbe4fe327045652ebb401a40d35ea283cb95c5430aa3c29673,0,11445677,client_a_preview,0,processed,,1780995598074
0xd3728bbaac0f6e054951fc6d1f3c908b4bebd125f255aceccb540a47363aba1c,,,0xccafc3b564c44412f1f7143fca52e7474f9639c532514cc197ed7ba74002eaab,0,11445743,client_a_preview,0,processed,,1780995624755
0x63aa6a0d57fde89cbc02bcf2a4e72474f96dcf664e1d772c12ec5800de92d382,,,0xce8b71fa5ace54947a08fae7ced38aec1ba127cc44d9c5c4fcfd318daff7c948,0,11445841,client_a_preview,0,processed,,1780995666248
0x406a3ad686d9a5bc0cca0f179787ab6cd37d7d149eb26be2f382880b9172d775,,,0xf022a15520a8b815d04759f75d4fea3102da132a33f1e69d2143b5f42db50a31,0,11445920,client_a_preview,0,processed,,1780995699254
0xf19584a596256e5fe90738f1616498a13e97413b0e103d29f600da4d3383b8e3,,,0x961ef637237a2fc6376091e98d18e5bf0fbfc36bbdb8a32cf88a2cf3b38f0f90,0,11446018,client_a_preview,0,processed,,1780995743068
0xc462c4fccee75b416ccaec8d33912c0722b49f54ec1b92d6a17819bd3411e543,,,0x188786a5596623b785c2445d3fcd5fc1ce987d9ebd777d19ef4cdeac2cea234f,0,11446030,client_a_preview,0,processed,,1780995748165
0xe15226b11bf9f2bbab588b7c786184ae3f99c3e0afd761ad408eb0ea1f15b31b,,,0x3411741dc83577c70a7c0057d39f33574523b9e538aecbfe218a24f592c06b1c,0,11446034,client_a_preview,0,processed,,1780995749440
0x3d4b64a67d1d6109499ffea7e149c94677bb6fee976decb0992ae06a1c226570,,,0x30dd02d8ad5aceb9d92c757b89a3071bc580ec04405ddcac47ebc8252a43010f,0,11446101,client_a_preview,0,processed,,1780995775801
0x4e55dae689983cb1e2824c60a43c8d5b833c4400dd28f0ce94e0057d600a2290,,,0x9c812a92f25583da4cb87368cb5a1208d87cfe69187fd6380a04a2ddfcb244b6,0,11446115,client_a_preview,0,processed,,1780995783144
0x003e4656955c60d65dd3a8dbab5b601c05958cba18ec27277214925c32228e85,,,0xe9f2ac99a48d696df150918bfaf0c4d738bd229ad095bcbb5cdb51ec36291b9f,0,11446119,client_a_preview,0,processed,,1780995784445
